domain,port,group,supported,cipher,tls_version,server_temp_key,reason
abnamro.com,443,X25519MLKEM768,NO,,,"",handshake_failure
abnamro.com,443,SecP256r1MLKEM768,NO,,,"",handshake_failure
abnamro.com,443,SecP384r1MLKEM1024,NO,,,"",handshake_failure
abnamro.com,443,MLKEM512,NO,,,"",handshake_failure
abnamro.com,443,MLKEM768,NO,,,"",handshake_failure
abnamro.com,443,MLKEM1024,NO,,,"",handshake_failure
capitaland.com,443,X25519MLKEM768,YES,TLS_AES_128_GCM_SHA256,,"X25519MLKEM768",
capitaland.com,443,SecP256r1MLKEM768,NO,,,"",handshake_failure
capitaland.com,443,SecP384r1MLKEM1024,NO,,,"",handshake_failure
capitaland.com,443,MLKEM512,NO,,,"",handshake_failure
capitaland.com,443,MLKEM768,NO,,,"",handshake_failure
capitaland.com,443,MLKEM1024,NO,,,"",handshake_failure
blackstone.com,443,X25519MLKEM768,YES,TLS_AES_256_GCM_SHA384,,"X25519MLKEM768",
blackstone.com,443,SecP256r1MLKEM768,NO,,,"",handshake_failure
blackstone.com,443,SecP384r1MLKEM1024,NO,,,"",handshake_failure
blackstone.com,443,MLKEM512,NO,,,"",handshake_failure
blackstone.com,443,MLKEM768,NO,,,"",handshake_failure
blackstone.com,443,MLKEM1024,NO,,,"",handshake_failure
blueowl.com,443,X25519MLKEM768,YES,TLS_AES_128_GCM_SHA256,TLSv1.3,"X25519MLKEM768",
blueowl.com,443,SecP256r1MLKEM768,NO,,,"",handshake_failure
blueowl.com,443,SecP384r1MLKEM1024,NO,,,"",handshake_failure
blueowl.com,443,MLKEM512,NO,,,"",handshake_failure
blueowl.com,443,MLKEM768,NO,,,"",handshake_failure
blueowl.com,443,MLKEM1024,NO,,,"",handshake_failure
bnpparibasfortis.com,443,X25519MLKEM768,NO,,,"",handshake_failure
bnpparibasfortis.com,443,SecP256r1MLKEM768,NO,,,"",handshake_failure
bnpparibasfortis.com,443,SecP384r1MLKEM1024,NO,,,"",handshake_failure
bnpparibasfortis.com,443,MLKEM512,NO,,,"",handshake_failure
bnpparibasfortis.com,443,MLKEM768,NO,,,"",handshake_failure
bnpparibasfortis.com,443,MLKEM1024,NO,,,"",handshake_failure
wealthmanagement.bnpparibas,443,X25519MLKEM768,NO,,,"",handshake_failure
wealthmanagement.bnpparibas,443,SecP256r1MLKEM768,NO,,,"",handshake_failure
wealthmanagement.bnpparibas,443,SecP384r1MLKEM1024,NO,,,"",handshake_failure
wealthmanagement.bnpparibas,443,MLKEM512,NO,,,"",handshake_failure
wealthmanagement.bnpparibas,443,MLKEM768,NO,,,"",handshake_failure
wealthmanagement.bnpparibas,443,MLKEM1024,NO,,,"",handshake_failure
bmo.com,443,X25519MLKEM768,NO,,,"",handshake_failure
bmo.com,443,SecP256r1MLKEM768,NO,,,"",handshake_failure
bmo.com,443,SecP384r1MLKEM1024,NO,,,"",handshake_failure
bmo.com,443,MLKEM512,NO,,,"",handshake_failure
bmo.com,443,MLKEM768,NO,,,"",handshake_failure
bmo.com,443,MLKEM1024,NO,,,"",handshake_failure
brookfield.com,443,X25519MLKEM768,YES,TLS_AES_128_GCM_SHA256,TLSv1.3,"X25519MLKEM768",
brookfield.com,443,SecP256r1MLKEM768,NO,,,"",handshake_failure
brookfield.com,443,SecP384r1MLKEM1024,NO,,,"",handshake_failure
brookfield.com,443,MLKEM512,NO,,,"",handshake_failure
brookfield.com,443,MLKEM768,NO,,,"",handshake_failure
brookfield.com,443,MLKEM1024,NO,,,"",handshake_failure
db.com,443,X25519MLKEM768,NO,,,"",handshake_failure
db.com,443,SecP256r1MLKEM768,NO,,,"",handshake_failure
db.com,443,SecP384r1MLKEM1024,NO,,,"",handshake_failure
db.com,443,MLKEM512,NO,,,"",handshake_failure
db.com,443,MLKEM768,NO,,,"",handshake_failure
db.com,443,MLKEM1024,NO,,,"",handshake_failure
futurefund.gov.au,443,X25519MLKEM768,YES,TLS_AES_128_GCM_SHA256,,"X25519MLKEM768",
futurefund.gov.au,443,SecP256r1MLKEM768,YES,TLS_AES_128_GCM_SHA256,,"SecP256r1MLKEM768",
futurefund.gov.au,443,SecP384r1MLKEM1024,NO,,,"",unsupported_or_unknown
futurefund.gov.au,443,MLKEM512,NO,,,"",unsupported_or_unknown
futurefund.gov.au,443,MLKEM768,NO,,,"",unsupported_or_unknown
futurefund.gov.au,443,MLKEM1024,NO,,,"",unsupported_or_unknown
gs.com,443,X25519MLKEM768,NO,,,"",handshake_failure
gs.com,443,SecP256r1MLKEM768,NO,,,"",handshake_failure
gs.com,443,SecP384r1MLKEM1024,NO,,,"",handshake_failure
gs.com,443,MLKEM512,NO,,,"",handshake_failure
gs.com,443,MLKEM768,NO,,,"",handshake_failure
gs.com,443,MLKEM1024,NO,,,"",handshake_failure
privatebanking.hsbc.com,443,X25519MLKEM768,NO,,,"",unsupported_or_unknown
privatebanking.hsbc.com,443,SecP256r1MLKEM768,NO,,,"",unsupported_or_unknown
privatebanking.hsbc.com,443,SecP384r1MLKEM1024,NO,,,"",unsupported_or_unknown
privatebanking.hsbc.com,443,MLKEM512,NO,,,"",unsupported_or_unknown
privatebanking.hsbc.com,443,MLKEM768,NO,,,"",unsupported_or_unknown
privatebanking.hsbc.com,443,MLKEM1024,NO,,,"",unsupported_or_unknown
point72.com,443,X25519MLKEM768,YES,TLS_AES_256_GCM_SHA384,,"X25519MLKEM768",
point72.com,443,SecP256r1MLKEM768,NO,,,"",handshake_failure
point72.com,443,SecP384r1MLKEM1024,NO,,,"",handshake_failure
point72.com,443,MLKEM512,NO,,,"",handshake_failure
point72.com,443,MLKEM768,NO,,,"",handshake_failure
point72.com,443,MLKEM1024,NO,,,"",handshake_failure
williamblair.com,443,X25519MLKEM768,NO,,,"",unsupported_or_unknown
williamblair.com,443,SecP256r1MLKEM768,NO,,,"",unsupported_or_unknown
williamblair.com,443,SecP384r1MLKEM1024,NO,,,"",unsupported_or_unknown
williamblair.com,443,MLKEM512,NO,,,"",unsupported_or_unknown
williamblair.com,443,MLKEM768,NO,,,"",unsupported_or_unknown
williamblair.com,443,MLKEM1024,NO,,,"",unsupported_or_unknown
wilmingtontrust.com,443,X25519MLKEM768,YES,TLS_AES_128_GCM_SHA256,,"X25519MLKEM768",
wilmingtontrust.com,443,SecP256r1MLKEM768,YES,TLS_AES_128_GCM_SHA256,,"SecP256r1MLKEM768",
wilmingtontrust.com,443,SecP384r1MLKEM1024,NO,,,"",unsupported_or_unknown
wilmingtontrust.com,443,MLKEM512,NO,,,"",unsupported_or_unknown
wilmingtontrust.com,443,MLKEM768,NO,,,"",unsupported_or_unknown
wilmingtontrust.com,443,MLKEM1024,NO,,,"",unsupported_or_unknown
rbcbluebay.com,443,X25519MLKEM768,NO,,,"",handshake_failure
rbcbluebay.com,443,SecP256r1MLKEM768,NO,,,"",handshake_failure
rbcbluebay.com,443,SecP384r1MLKEM1024,NO,,,"",handshake_failure
rbcbluebay.com,443,MLKEM512,NO,,,"",handshake_failure
rbcbluebay.com,443,MLKEM768,NO,,,"",handshake_failure
rbcbluebay.com,443,MLKEM1024,NO,,,"",handshake_failure
adenza.com,443,X25519MLKEM768,NO,,,"",handshake_failure
adenza.com,443,SecP256r1MLKEM768,NO,,,"",handshake_failure
adenza.com,443,SecP384r1MLKEM1024,NO,,,"",handshake_failure
adenza.com,443,MLKEM512,NO,,,"",handshake_failure
adenza.com,443,MLKEM768,NO,,,"",handshake_failure
adenza.com,443,MLKEM1024,NO,,,"",handshake_failure
broadcom.com,443,X25519MLKEM768,NO,,,"",unsupported_or_unknown
broadcom.com,443,SecP256r1MLKEM768,NO,,,"",unsupported_or_unknown
broadcom.com,443,SecP384r1MLKEM1024,NO,,,"",unsupported_or_unknown
broadcom.com,443,MLKEM512,NO,,,"",unsupported_or_unknown
broadcom.com,443,MLKEM768,NO,,,"",unsupported_or_unknown
broadcom.com,443,MLKEM1024,NO,,,"",unsupported_or_unknown
tdcowen.com,443,X25519MLKEM768,ERROR,,,"",connection_failed
thalesgroup.com,443,X25519MLKEM768,YES,TLS_AES_128_GCM_SHA256,,"X25519MLKEM768",
thalesgroup.com,443,SecP256r1MLKEM768,NO,,,"",handshake_failure
thalesgroup.com,443,SecP384r1MLKEM1024,NO,,,"",handshake_failure
thalesgroup.com,443,MLKEM512,NO,,,"",handshake_failure
thalesgroup.com,443,MLKEM768,NO,,,"",handshake_failure
thalesgroup.com,443,MLKEM1024,NO,,,"",handshake_failure
amundietf.com,443,X25519MLKEM768,NO,,,"",handshake_failure
amundietf.com,443,SecP256r1MLKEM768,NO,,,"",handshake_failure
amundietf.com,443,SecP384r1MLKEM1024,NO,,,"",handshake_failure
amundietf.com,443,MLKEM512,NO,,,"",handshake_failure
amundietf.com,443,MLKEM768,NO,,,"",handshake_failure
amundietf.com,443,MLKEM1024,NO,,,"",handshake_failure
lseg.com,443,X25519MLKEM768,YES,TLS_AES_256_GCM_SHA384,,"X25519MLKEM768",
lseg.com,443,SecP256r1MLKEM768,NO,,,"",handshake_failure
lseg.com,443,SecP384r1MLKEM1024,NO,,,"",handshake_failure
lseg.com,443,MLKEM512,NO,,,"",handshake_failure
lseg.com,443,MLKEM768,NO,,,"",handshake_failure
lseg.com,443,MLKEM1024,NO,,,"",handshake_failure
snb.com,443,X25519MLKEM768,YES,TLS_AES_256_GCM_SHA384,,"X25519MLKEM768",
snb.com,443,SecP256r1MLKEM768,NO,,,"",handshake_failure
snb.com,443,SecP384r1MLKEM1024,NO,,,"",handshake_failure
snb.com,443,MLKEM512,NO,,,"",handshake_failure
snb.com,443,MLKEM768,NO,,,"",handshake_failure
snb.com,443,MLKEM1024,NO,,,"",handshake_failure
brileyfin.com,443,X25519MLKEM768,YES,TLS_AES_256_GCM_SHA384,,"X25519MLKEM768",
brileyfin.com,443,SecP256r1MLKEM768,NO,,,"",handshake_failure
brileyfin.com,443,SecP384r1MLKEM1024,NO,,,"",handshake_failure
brileyfin.com,443,MLKEM512,NO,,,"",handshake_failure
brileyfin.com,443,MLKEM768,NO,,,"",handshake_failure
brileyfin.com,443,MLKEM1024,NO,,,"",handshake_failure
capeanalytics.com,443,X25519MLKEM768,YES,TLS_AES_256_GCM_SHA384,,"X25519MLKEM768",
capeanalytics.com,443,SecP256r1MLKEM768,NO,,,"",handshake_failure
capeanalytics.com,443,SecP384r1MLKEM1024,NO,,,"",handshake_failure
capeanalytics.com,443,MLKEM512,NO,,,"",handshake_failure
capeanalytics.com,443,MLKEM768,NO,,,"",handshake_failure
capeanalytics.com,443,MLKEM1024,NO,,,"",handshake_failure
cccu.ca,443,X25519MLKEM768,YES,TLS_AES_128_GCM_SHA256,,"X25519MLKEM768",
cccu.ca,443,SecP256r1MLKEM768,YES,TLS_AES_128_GCM_SHA256,,"SecP256r1MLKEM768",
cccu.ca,443,SecP384r1MLKEM1024,NO,,,"",unsupported_or_unknown
cccu.ca,443,MLKEM512,NO,,,"",unsupported_or_unknown
cccu.ca,443,MLKEM768,NO,,,"",unsupported_or_unknown
cccu.ca,443,MLKEM1024,NO,,,"",unsupported_or_unknown
covergenius.com,443,X25519MLKEM768,YES,TLS_AES_256_GCM_SHA384,,"X25519MLKEM768",
covergenius.com,443,SecP256r1MLKEM768,NO,,,"",handshake_failure
covergenius.com,443,SecP384r1MLKEM1024,NO,,,"",handshake_failure
covergenius.com,443,MLKEM512,NO,,,"",handshake_failure
covergenius.com,443,MLKEM768,NO,,,"",handshake_failure
covergenius.com,443,MLKEM1024,NO,,,"",handshake_failure
creditsesame.com,443,X25519MLKEM768,YES,TLS_AES_128_GCM_SHA256,,"X25519MLKEM768",
creditsesame.com,443,SecP256r1MLKEM768,YES,TLS_AES_128_GCM_SHA256,,"SecP256r1MLKEM768",
creditsesame.com,443,SecP384r1MLKEM1024,NO,,,"",unsupported_or_unknown
creditsesame.com,443,MLKEM512,NO,,,"",unsupported_or_unknown
creditsesame.com,443,MLKEM768,NO,,,"",unsupported_or_unknown
creditsesame.com,443,MLKEM1024,NO,,,"",unsupported_or_unknown
currenciesdirect.com,443,X25519MLKEM768,YES,TLS_AES_256_GCM_SHA384,,"X25519MLKEM768",
currenciesdirect.com,443,SecP256r1MLKEM768,NO,,,"",handshake_failure
currenciesdirect.com,443,SecP384r1MLKEM1024,NO,,,"",handshake_failure
currenciesdirect.com,443,MLKEM512,NO,,,"",handshake_failure
currenciesdirect.com,443,MLKEM768,NO,,,"",handshake_failure
currenciesdirect.com,443,MLKEM1024,NO,,,"",handshake_failure
dadavidson.com,443,X25519MLKEM768,YES,TLS_AES_256_GCM_SHA384,,"X25519MLKEM768",
dadavidson.com,443,SecP256r1MLKEM768,NO,,,"",handshake_failure
dadavidson.com,443,SecP384r1MLKEM1024,NO,,,"",handshake_failure
dadavidson.com,443,MLKEM512,NO,,,"",handshake_failure
dadavidson.com,443,MLKEM768,NO,,,"",handshake_failure
dadavidson.com,443,MLKEM1024,NO,,,"",handshake_failure
rate.com,443,X25519MLKEM768,YES,TLS_AES_256_GCM_SHA384,,"X25519MLKEM768",
rate.com,443,SecP256r1MLKEM768,NO,,,"",handshake_failure
rate.com,443,SecP384r1MLKEM1024,NO,,,"",handshake_failure
rate.com,443,MLKEM512,NO,,,"",handshake_failure
rate.com,443,MLKEM768,NO,,,"",handshake_failure
rate.com,443,MLKEM1024,NO,,,"",handshake_failure
pipersandler.com,443,X25519MLKEM768,YES,TLS_AES_128_GCM_SHA256,TLSv1.3,"X25519MLKEM768",
pipersandler.com,443,SecP256r1MLKEM768,NO,,,"",handshake_failure
pipersandler.com,443,SecP384r1MLKEM1024,NO,,,"",handshake_failure
pipersandler.com,443,MLKEM512,NO,,,"",handshake_failure
pipersandler.com,443,MLKEM768,NO,,,"",handshake_failure
pipersandler.com,443,MLKEM1024,NO,,,"",handshake_failure
rentec.com,443,X25519MLKEM768,NO,,,"",handshake_failure
rentec.com,443,SecP256r1MLKEM768,NO,,,"",handshake_failure
rentec.com,443,SecP384r1MLKEM1024,NO,,,"",handshake_failure
rentec.com,443,MLKEM512,NO,,,"",handshake_failure
rentec.com,443,MLKEM768,NO,,,"",handshake_failure
rentec.com,443,MLKEM1024,NO,,,"",handshake_failure
privatebanking.societegenerale.com,443,X25519MLKEM768,YES,TLS_AES_128_GCM_SHA256,,"X25519MLKEM768",
privatebanking.societegenerale.com,443,SecP256r1MLKEM768,NO,,,"",handshake_failure
privatebanking.societegenerale.com,443,SecP384r1MLKEM1024,NO,,,"",handshake_failure
privatebanking.societegenerale.com,443,MLKEM512,NO,,,"",handshake_failure
privatebanking.societegenerale.com,443,MLKEM768,NO,,,"",handshake_failure
privatebanking.societegenerale.com,443,MLKEM1024,NO,,,"",handshake_failure
traderepublic.com,443,X25519MLKEM768,YES,TLS_AES_128_GCM_SHA256,,"X25519MLKEM768",
traderepublic.com,443,SecP256r1MLKEM768,YES,TLS_AES_128_GCM_SHA256,,"SecP256r1MLKEM768",
traderepublic.com,443,SecP384r1MLKEM1024,NO,,,"",unsupported_or_unknown
traderepublic.com,443,MLKEM512,NO,,,"",unsupported_or_unknown
deginvest.de,443,X25519MLKEM768,NO,,,"",handshake_failure
deginvest.de,443,SecP256r1MLKEM768,NO,,,"",handshake_failure
deginvest.de,443,SecP384r1MLKEM1024,NO,,,"",handshake_failure
deginvest.de,443,MLKEM512,NO,,,"",handshake_failure
deginvest.de,443,MLKEM768,NO,,,"",handshake_failure
deginvest.de,443,MLKEM1024,NO,,,"",handshake_failure
grab.com,443,X25519MLKEM768,YES,TLS_AES_128_GCM_SHA256,,"X25519MLKEM768",
grab.com,443,SecP256r1MLKEM768,YES,TLS_AES_128_GCM_SHA256,,"SecP256r1MLKEM768",
grab.com,443,SecP384r1MLKEM1024,NO,,,"",unsupported_or_unknown
grab.com,443,MLKEM512,NO,,,"",unsupported_or_unknown
grab.com,443,MLKEM768,NO,,,"",unsupported_or_unknown
grab.com,443,MLKEM1024,NO,,,"",unsupported_or_unknown
dbs.com.sg,443,X25519MLKEM768,NO,,,"",handshake_failure
dbs.com.sg,443,SecP256r1MLKEM768,NO,,,"",handshake_failure
dbs.com.sg,443,SecP384r1MLKEM1024,NO,,,"",handshake_failure
dbs.com.sg,443,MLKEM512,NO,,,"",handshake_failure
dbs.com.sg,443,MLKEM768,NO,,,"",handshake_failure
dbs.com.sg,443,MLKEM1024,NO,,,"",handshake_failure
pay.line.me,443,X25519MLKEM768,NO,,,"",handshake_failure
pay.line.me,443,SecP256r1MLKEM768,NO,,,"",handshake_failure
pay.line.me,443,SecP384r1MLKEM1024,NO,,,"",handshake_failure
pay.line.me,443,MLKEM512,NO,,,"",handshake_failure
pay.line.me,443,MLKEM768,NO,,,"",handshake_failure
pay.line.me,443,MLKEM1024,NO,,,"",handshake_failure
simon-kucher.com,443,X25519MLKEM768,YES,TLS_AES_128_GCM_SHA256,TLSv1.3,"X25519MLKEM768",
simon-kucher.com,443,SecP256r1MLKEM768,NO,,,"",handshake_failure
simon-kucher.com,443,SecP384r1MLKEM1024,NO,,,"",handshake_failure
simon-kucher.com,443,MLKEM512,NO,,,"",handshake_failure
simon-kucher.com,443,MLKEM768,NO,,,"",handshake_failure
simon-kucher.com,443,MLKEM1024,NO,,,"",handshake_failure
truelinkfinancial.com,443,X25519MLKEM768,YES,TLS_AES_256_GCM_SHA384,,"X25519MLKEM768",
truelinkfinancial.com,443,SecP256r1MLKEM768,NO,,,"",handshake_failure
truelinkfinancial.com,443,SecP384r1MLKEM1024,NO,,,"",handshake_failure
truelinkfinancial.com,443,MLKEM512,NO,,,"",handshake_failure
truelinkfinancial.com,443,MLKEM768,NO,,,"",handshake_failure
truelinkfinancial.com,443,MLKEM1024,NO,,,"",handshake_failure
amlpartners.com,443,X25519MLKEM768,YES,TLS_AES_256_GCM_SHA384,,"X25519MLKEM768",
amlpartners.com,443,SecP256r1MLKEM768,NO,,,"",handshake_failure
amlpartners.com,443,SecP384r1MLKEM1024,NO,,,"",handshake_failure
amlpartners.com,443,MLKEM512,NO,,,"",handshake_failure
amlpartners.com,443,MLKEM768,NO,,,"",handshake_failure
amlpartners.com,443,MLKEM1024,NO,,,"",handshake_failure
broker.apto.com,443,X25519MLKEM768,NO,,,"",handshake_failure
broker.apto.com,443,SecP256r1MLKEM768,NO,,,"",handshake_failure
broker.apto.com,443,SecP384r1MLKEM1024,NO,,,"",handshake_failure
broker.apto.com,443,MLKEM512,NO,,,"",handshake_failure
broker.apto.com,443,MLKEM768,NO,,,"",handshake_failure
broker.apto.com,443,MLKEM1024,NO,,,"",handshake_failure
getevolved.com,443,X25519MLKEM768,YES,TLS_AES_256_GCM_SHA384,,"X25519MLKEM768",
getevolved.com,443,SecP256r1MLKEM768,NO,,,"",handshake_failure
getevolved.com,443,SecP384r1MLKEM1024,NO,,,"",handshake_failure
getevolved.com,443,MLKEM512,NO,,,"",handshake_failure
getevolved.com,443,MLKEM768,NO,,,"",handshake_failure
getevolved.com,443,MLKEM1024,NO,,,"",handshake_failure
fairway.com,443,X25519MLKEM768,YES,TLS_AES_256_GCM_SHA384,,"X25519MLKEM768",
fairway.com,443,SecP256r1MLKEM768,NO,,,"",handshake_failure
fairway.com,443,SecP384r1MLKEM1024,NO,,,"",handshake_failure
fairway.com,443,MLKEM512,NO,,,"",handshake_failure
fairway.com,443,MLKEM768,NO,,,"",handshake_failure
fairway.com,443,MLKEM1024,NO,,,"",handshake_failure
grab.com,443,X25519MLKEM768,YES,TLS_AES_128_GCM_SHA256,,"X25519MLKEM768",
grab.com,443,SecP256r1MLKEM768,YES,TLS_AES_128_GCM_SHA256,,"SecP256r1MLKEM768",
grab.com,443,SecP384r1MLKEM1024,NO,,,"",unsupported_or_unknown
grab.com,443,MLKEM512,NO,,,"",unsupported_or_unknown
grab.com,443,MLKEM768,NO,,,"",unsupported_or_unknown
grab.com,443,MLKEM1024,NO,,,"",unsupported_or_unknown
infranode.eu,443,X25519MLKEM768,NO,,,"",handshake_failure
infranode.eu,443,SecP256r1MLKEM768,NO,,,"",handshake_failure
infranode.eu,443,SecP384r1MLKEM1024,NO,,,"",handshake_failure
infranode.eu,443,MLKEM512,NO,,,"",handshake_failure
infranode.eu,443,MLKEM768,NO,,,"",handshake_failure
infranode.eu,443,MLKEM1024,NO,,,"",handshake_failure